{"cameraMode":{"drawMode":0,"name":"Shaded","section":"Shading Mode"},"sceneLighting":false,"audioPlay":false,"sceneViewState":{"m_AlwaysRefresh":false,"showFog":true,"showSkybox":false,"showFlares":true,"showImageEffects":true,"showParticleSystems":true,"showVisualEffectGraphs":true,"m_FxEnabled":true},"in2DMode":false,"pivot":{"x":-0.2800102233886719,"y":30.575002670288087,"z":0.11001873016357422},"rotation":{"x":0.12190546095371247,"y":-0.05505651980638504,"z":0.0067727030254900459,"w":0.9909940361976624},"size":25.511898040771486,"orthographic":false}